Date,PC1_price_level,PC2_volatility
2026-05-05,1.3401566316347178,0.08400300432607523
2026-05-04,1.4682522154405722,-1.0344086799611085
2026-04-30,1.589212020684093,-0.26113589870467
2026-04-29,1.7031908242818412,-0.7906502574236745
2026-04-28,1.9798625394202432,-0.7625184246744918
2026-04-27,1.8940850401843083,0.05202338094154594
2026-04-24,1.8747413578899368,-0.08973005406378332
2026-04-23,1.919795260118774,-0.5636320227510487
2026-04-22,2.1471379574433813,-0.13917537634377716
2026-04-21,2.086074827021825,-0.5837707955874402
2026-04-20,2.104108884021235,-0.4633005444761805
2026-04-17,2.281791704694184,0.0436518576746791
2026-04-16,2.5076770278165643,-0.8926442923446853
2026-04-15,2.626657461943145,0.8161700333049134
2026-04-13,2.4073256339959044,-0.13853161172647419
2026-04-10,2.4781146336473787,-0.3908260550259819
2026-04-09,2.4692363760154175,1.2168752761148158
2026-04-08,2.1374505105024646,1.1167410693769801
2026-04-07,1.8919778702815766,-0.14809213935873308
2026-04-06,2.0304089864283594,2.263458820841533
2026-04-05,2.1351117971574567,-2.6544704936884953
2026-04-02,2.1156952464857715,0.10834610331014416
2026-04-01,2.534165601078362,-1.846738174768486
2026-03-31,2.587410766858639,0.4981028613911663
2026-03-30,2.8392795217042566,-1.1438805677526764
2026-03-29,3.301108925158364,-1.6507594377077712
2026-03-26,3.272282959795042,0.37293778624772206
2026-03-25,3.4768297234853676,-0.5244707682282127
2026-03-24,3.4584770536342972,0.6397380439388196
2026-03-23,3.4457184942136188,0.20822966660210004
2026-03-22,3.9984045130351658,1.6366986305585616
2026-03-19,3.483280454998422,1.8941347063326963
2026-03-17,2.5139416219806408,0.37799642605774525
2026-03-16,2.5409712247941982,-0.6306880776860011
2026-03-15,2.8018147144656136,0.19028910461171536
2026-03-12,2.742550137392359,0.7030801214482388
2026-03-11,2.6967376493801365,-1.122716814919826
2026-03-10,3.5744484391054105,-0.5555381218792482
2026-03-09,1.6866216255839679,4.052600135260216
2026-03-03,1.520727014518384,0.9561616694824477
2026-03-01,1.2851729128489637,0.430618262444038
2026-02-26,1.162454522465786,0.041824452544912384
2026-02-25,1.117935727182407,0.17647467958915283
2026-02-24,1.013821741133733,0.4852335503023606
2026-02-23,1.033187381035866,-0.01380744103863391
2026-02-22,1.2035146722507035,-0.7897440176911271
2026-02-17,1.4626620542566369,-0.5632975462379481
2026-02-16,1.5173945053456923,-0.24171831386797127
2026-02-12,1.7761796532514744,0.28681389577324157
2026-02-11,1.5890546732485724,-0.00974442423531037
2026-02-10,1.563335445948959,-0.2817733577168907
2026-02-09,1.8210291721855802,-0.6513501239392679
2026-02-08,2.0107790313635814,-0.21344308256009073
2026-02-05,1.9447776358464652,0.8152289640441325
2026-02-04,1.5175722209736437,-0.07932214038717247
2026-02-03,1.6780734124090966,-0.3456704955413197
2026-02-02,1.648827841137417,0.08336941481221684
2026-02-01,1.780835676916082,-0.5319115740220867
2026-01-29,2.3224128009840372,-0.3411589142610711
2026-01-28,2.079346947333126,0.1728264948689822
2026-01-27,2.4064917699184916,-0.9965733223646999
2026-01-26,2.6955538184863803,0.06875373558602053
2026-01-25,2.3733745086341718,1.614762470705335
2026-01-22,1.7998482994585092,0.23407588221810297
2026-01-21,1.8044984446030015,-0.25894101147906756
2026-01-20,1.995536208650484,1.1929681324775447
2026-01-18,1.5003439799631673,0.8285115514933233
2026-01-14,1.2349728146579488,-0.023189264549212236
2026-01-13,1.2971125471420775,0.0889386858814272
2026-01-12,1.2532061884025032,-0.1968028155941716
2026-01-08,1.1083741893491803,0.032554256423622814
2026-01-07,1.1632104751917467,-0.44434886356379777
2026-01-06,1.3509638112825189,0.2256409400080296
2026-01-05,1.1875987990226666,0.7406979549598594
2026-01-04,1.0008354655518619,-0.35966036240036
2026-01-01,1.0445531877337777,-0.43624745340408577
2025-12-31,1.1033358236675357,0.211573745053133
2025-12-29,1.071664895499911,-0.37928607043037044
2025-12-28,1.043593631797055,1.2458712920702275
2025-12-24,0.726598144076136,0.01998677418864596
2025-12-23,0.7116071709995018,-0.0226441943708497
2025-12-22,0.7523799777560529,-0.48938140163809823
2025-12-21,0.9146178734915212,-0.6346794741146017
2025-12-18,1.0074708638748733,-0.3809012887195501
2025-12-17,0.9879638488206718,0.043130172707960074
2025-12-16,0.8589538757052485,0.3807571291349051
2025-12-15,0.7972024463088914,0.06586336731895286
2025-12-14,0.8613278736335053,-0.4384995217261403
2025-12-11,0.8537415082260768,-0.1585056889034306
2025-12-10,0.8834766715495618,-0.24663022508818996
2025-12-09,0.8996115224625872,0.09014421745626265
2025-12-08,0.956471762965891,-0.16658392461193652
2025-12-07,1.0590053898287846,-0.655657404719756
2025-12-03,1.1531435495106281,-0.4492310549317589
2025-12-02,1.1152932604164865,-0.1164070423279539
2025-12-01,1.141050422543276,-0.21192067885488597
2025-11-30,1.4261452887500297,-0.7558844910602303
2025-11-27,1.4250101286361831,0.22185567820508764
2025-11-26,1.382822472034809,0.20359725388648048
2025-11-25,1.2590429343213236,0.07107643377770018
2025-11-24,1.243657646904429,1.356600810482878
2025-11-23,0.9612454554009848,1.0715160870092522
2025-11-20,0.7090073984561476,-0.09371554505202423
2025-11-19,0.669925627736348,-0.23329904519090539
2025-11-18,0.6755694550886285,0.35078492493931446
2025-11-17,0.5906152598952251,0.18558127743222283
2025-11-16,0.569670076326199,-0.23114831603114472
2025-11-13,0.5389863037042958,-0.06726557707765066
2025-11-12,0.6190928296883711,-0.6656079636130181
2025-11-11,0.640325650045776,-0.013112189398652916
2025-11-10,0.7177346696216866,-0.23608118439734646
2025-11-09,0.8313309244975883,-0.8989251552783282
2025-11-06,0.9922578083976926,-0.3769143578229588
2025-11-05,0.9087889069311441,0.2457092883789456
2025-11-04,0.9864152543971927,-0.8291749176673091
2025-11-03,1.1630736049440948,-0.28205647721336896
2025-11-02,1.3809270313798636,0.8643642456245241
2025-10-30,1.0547216064609017,0.9437256074094896
2025-10-29,0.8482797565481434,-0.20159898147037483
2025-10-28,0.6221539678625452,1.7099555676903166
2025-10-26,0.24272329594559436,0.03898761771129356
2025-10-19,0.2502785437219227,0.38058552305852184
2025-10-16,0.29342396078877053,-0.612620616178629
2025-10-15,0.36164317056551754,-0.7364243213396624
2025-10-14,0.4975994569775081,-0.6436041313283564
2025-10-13,0.5709601655376294,1.205689224591091
2025-10-12,0.7661625136111737,-2.206324815955098
2025-10-09,0.991420917937386,0.5568239168091839
2025-10-08,0.8847270762134489,-1.3009758988161932
2025-10-07,1.0536535967788165,-1.6664651482293433
2025-09-28,1.070829944406389,0.1635438905474454
2025-09-25,1.051286698166173,-0.19152921233539752
2025-09-24,1.1988989600481865,-0.857369882904564
2025-09-23,1.2568643115807765,1.5127233233326354
2025-09-21,1.092081087426821,3.2253045498688415
2025-09-18,0.4239060792617967,-4.473121133266889
2025-09-08,1.3879163372335495,-1.0443697551954796
2025-09-07,1.4515076784956809,-0.4257463589245191
2025-09-04,1.5405910450701579,-0.2805697918276075
2025-09-03,1.5877633893324319,-0.5329985650575855
2025-09-02,1.6952858246964593,-0.6569286151917306
2025-09-01,1.7476629099361087,0.18468514894132282
2025-08-31,1.8381594160379566,-0.9041401031499208
2025-08-28,2.17436278089542,-1.030043234252808
2025-08-27,2.1448034714417945,1.29900846455298
2025-08-26,1.697811239542052,-0.02408938645827828
2025-08-25,1.7427239883984376,0.44995013022353114
2025-08-24,1.8050021247454682,-0.5498328543269566
2025-08-21,1.7513842350056732,-0.3617518487819401
2025-08-20,1.8061432200249885,-0.3665444382140409
2025-08-19,1.8719304319245462,0.05126450720980328
2025-08-18,1.8601446564465969,0.1394746610947297
2025-08-17,2.0375282708705424,-0.7595524083127874
2025-08-14,2.0828054635113786,-0.009325350315989536
2025-08-13,1.9977749281619488,-0.37225477621664427
2025-08-12,2.1321066649376292,-0.7530744378139016
2025-08-11,2.552213338283489,-0.7184739407686274
2025-08-07,2.432300037315937,0.39655823675567875
2025-08-06,2.331622058217388,-0.12724237301694155
2025-08-05,2.573206718494358,-1.07521943825285
2025-08-04,2.715931565114521,0.39598300410902393
2025-08-03,3.01375709361395,-1.5316512332383116
2025-07-31,3.5073226773283688,-0.6729039723905896
2025-07-30,3.74207574267446,-1.0542559785888062
2025-07-29,3.9923986057333605,0.8734516957435271
2025-07-28,3.869414364741454,0.330570719614301
2025-07-27,4.554262284058628,-0.10402087649490167
2025-07-24,3.905738720810052,0.22388359034240213
2025-07-23,3.9631417643037516,0.28810372873786516
2025-07-22,3.827613121376404,2.192727134582083
2025-07-21,3.249718483470066,0.6598478615735633
2025-07-20,3.667156837483782,0.2451125097568875
2025-07-17,3.0565438667433202,2.079409418614749
2025-07-16,2.562001721186885,0.9864159218086829
2025-07-15,2.0127794630572926,0.8921549436253791
2025-07-14,1.900203653324701,-0.954007657075263
2025-07-13,2.309608688368195,0.7848180735298342
2025-07-10,1.9294036658525635,0.6817983650532621
2025-07-09,1.6023096464334854,0.5439802012543467
2025-07-08,1.462025194480549,-0.06234199075867063
2025-07-07,1.6979851376539778,-0.6137747543224441
2025-07-06,1.8393024007946537,0.05708879197304226
2025-07-03,1.8186875961738584,0.2419356223581156
2025-07-02,1.7257830860215044,0.9392770867478529
2025-07-01,1.343562901193997,0.7403466114210042
2025-06-30,1.2025811285875212,0.1982224389892332
2025-06-29,1.1634600214796138,0.703607913607111
2025-06-26,1.1722125672040287,-0.1320972639885144
2025-06-25,1.0196182525943849,-0.06165997349963307
2025-06-24,1.041983071555772,-0.06110493053407278
2025-06-23,1.0498630685429269,0.08812333015774491
2025-06-22,1.328179704140826,-0.877006432858748
2025-06-19,1.645376029515285,-0.605378286848544
2025-06-18,1.5414285552903413,-0.022914457830064627
2025-06-17,1.4414562588963387,-0.1304358550022966
2025-06-16,1.900255649626877,0.17575316390948081
2025-06-15,1.7453909440097417,0.06936741373211106
2025-06-12,1.8495385888664588,-0.15715489214286077
2025-06-11,1.6893281053232498,-0.3452097274674387
2025-06-10,1.6943041229757987,0.7026492963691512
2025-06-09,1.4493524852671211,0.6316131487043329
2025-06-08,1.4444660717342241,-0.2810947983944504
2025-06-05,1.4022836234311156,-0.17586741582434492
2025-06-04,1.2125671077841742,-0.41168898350219313
2025-06-03,1.4474053347549014,-1.0059955272156549
2025-06-02,1.8043676943082674,0.03479142456148267
2025-05-28,1.6427801243581752,0.45195420272367814
2025-05-27,1.4207610335515548,-0.03962332091544595
2025-05-26,1.6446725512323006,-0.18383281222796993
2025-05-25,1.5705280575135867,-0.261807406809295
2025-05-22,1.7499878401903801,0.5240274334444329
2025-05-21,1.9163995718063376,-0.18154881585612276
2025-05-20,1.3895532263220067,1.2988726572559277
2025-05-19,1.232850258277524,0.5055523104316706
2025-05-18,1.281994717327782,-0.06690196499475513
2025-05-15,1.1914650174172785,-0.2615438179719891
2025-05-14,1.3832766042892894,-0.37549053831928203
2025-05-13,1.5397187835780595,-0.38027853391071603
2025-05-11,1.6667204950183676,-0.30655728419067174
2025-05-08,1.8181419500058318,-0.2593542490527753
2025-05-07,1.6159589787962245,1.7513534179130417
2025-05-06,1.3090467996517112,0.03156844652905288
2025-05-05,1.228333709142085,-0.29023670315078465
2025-05-04,1.4209245825620733,-0.07615847589964295
2025-04-30,1.4392544900605608,-0.19512958536033048
2025-04-29,1.3629729297619373,-0.43678610715909716
2025-04-28,1.53483610074519,-0.3864072057252758
2025-04-27,1.736892437711141,0.1395273299760238
2025-04-24,1.4493197059969545,0.026503957552681593
2025-04-23,1.4914829217111705,-0.8964718732504572
2025-04-22,1.6671606631218199,-0.28199790881531767
2025-04-21,1.7489270674154018,-0.21637306594593964
2025-04-20,1.784577029688129,-0.4657393135479029
2025-04-17,1.983447228338693,0.7322831680540017
2025-04-16,1.6043058406777861,0.1343674741801705
2025-04-15,1.6534582214579197,0.7067181142418919
2025-04-13,1.373072912754353,-0.2956319407488789
2025-04-10,1.3641271166177162,-0.22750417235363243
2025-04-09,1.308676343254968,0.14282965756627525
2025-04-08,1.2656982628608,-0.1736567709092973
2025-04-07,1.4166147597267114,-0.9691108019158674
2025-04-03,1.7089907461838512,0.04596199542385893
2025-04-02,1.443201657751133,0.5430603129699978
2025-04-01,1.3934043436033183,-0.5257246051344229
2025-03-30,1.5628279922314208,0.75770410798954
2025-03-27,1.193291072651993,1.0475341463117291
2025-03-26,0.8933337132273836,0.986960432614603
2025-03-25,1.026063404955572,-1.5930295400935723
2025-03-24,1.0142972820364642,0.6148807672977789
2025-03-23,1.2367645499957358,-1.5205735426149765
2025-03-20,1.2738960450774595,-0.44684493738137476
2025-03-19,1.3973920956599126,-0.49515403856531137
2025-03-18,1.4199860507289344,-0.3274817326632051
2025-03-17,1.5286246375455772,-0.36594512295061665
2025-03-16,1.6800005404520633,-0.6347841096912306
2025-03-12,1.8435890836531383,0.41559848109566466
2025-03-11,1.880254912828548,-0.87458781854998
2025-03-10,2.0175905940218204,-0.5741358483953589
2025-03-09,2.3004856921670602,-1.1878098423004444
2025-03-06,2.4456151061608615,-0.08335583324067199
2025-03-05,2.5604374062676807,-0.6320128799331195
2025-03-04,2.8839649832243115,-0.716052520708779
2025-03-03,3.134617639927357,-0.2766254171856673
2025-03-02,2.9826275317581303,1.9857922614889285
2025-02-27,2.472654139145301,1.2859676811189078
2025-02-25,2.1594392400076163,0.17240906078335427
2025-02-24,2.226929785011811,0.10937220824856027
2025-02-23,2.1353289922386267,0.34598691042638846
2025-02-20,1.919074424326063,0.049253822810143316
2025-02-18,2.0717618545229284,0.3213370781707286
2025-02-17,1.9313563523837072,0.8000256463750124
2025-02-16,1.7359895331366781,0.5296496303627686
2025-02-13,1.5889370661983317,-0.22478537810531388
2025-02-12,1.6721998275503624,0.03005142032709975
2025-02-11,1.5260142578251528,0.12552361113276636
2025-02-10,1.4997604044727604,-0.3401944575872461
2025-02-09,1.6986817562343988,-0.32473130437166287
2025-02-06,1.8051574196784157,-0.3070151069794129
2025-02-05,1.8275562044204527,-0.13023866508539464
2025-02-04,1.8722766332138145,-0.38524073824751054
2025-02-03,2.1654251508842988,0.10708225563685618
2025-02-02,2.0663054178649607,1.9674786770161132
2025-01-28,1.5296009817611613,0.6831364130070031
2025-01-27,1.4410064811958585,-0.27986245716612473
2025-01-26,1.5190725822494986,-0.27186091041708954
2025-01-23,1.4770042447277856,-0.3208486607995455
2025-01-22,1.493359554078543,1.4474751395987429
2025-01-21,1.083479090574978,0.08537874769472036
2025-01-20,1.1112777124368274,0.1448339126158921
2025-01-19,1.0133988426674916,0.2995381389981732
2025-01-16,0.993775324712222,-0.2543516963105637
2025-01-15,0.9991551236829185,-0.006643825273395574
2025-01-13,1.069207656458968,-0.46029404030153326
2025-01-12,0.9985343202018365,-0.8005066587161545
2025-01-09,1.3398981411976012,-0.5224018792970937
2025-01-08,1.349054485586857,0.10917944999403238
2025-01-07,1.1976924600294814,0.08244550861229154
2025-01-06,1.151350205084437,1.3040318297421873
2025-01-05,0.861436567840586,0.067202147820497
2025-01-02,0.8129268199266646,0.04083516233425997
2025-01-01,0.7241924108267245,0.03141826965269009
2024-12-31,0.9227773647052399,-0.9611461666476538
2024-12-29,1.076839647830066,-0.6457428061899085
2024-12-26,1.0939966582941079,0.03125697804909984
2024-12-24,1.0827003860128248,0.3076403169392428
2024-12-23,0.884531155156759,0.7066951433363844
2024-12-22,0.8399888466145458,-0.45714728117032927
2024-12-19,0.9754548639734454,-0.9400917861285091
2024-12-18,1.0517423085014121,-0.2556440836648821
2024-12-17,1.044402022782811,-0.02351382863637644
2024-12-16,1.2764088740385717,-1.4411484385417264
2024-12-12,1.5433904811128245,-0.9643284098789676
2024-12-11,1.405524080656039,1.1243498005418184
2024-12-10,1.2624458411801687,-0.27833496058530327
2024-12-09,1.4017811961883233,-0.4234276669374766
2024-12-08,1.6656282558138962,-1.2477565194079987
2024-12-05,1.9100975002625622,-0.446287387670052
2024-12-04,2.1194028563280223,-0.6684917858898294
2024-12-03,2.083238518305808,0.41512069475291985
2024-12-02,2.165808225118528,0.5266296516536355
2024-12-01,1.9537749996924454,-0.2860421587044682
2024-11-28,1.9869105034361358,-0.2518466488009222
2024-11-27,1.980981410965067,1.005265859802606
2024-11-26,1.6718399723023554,0.8384376056035511
2024-11-25,1.4485631971920871,0.3537311363266432
2024-11-24,1.5489441179115222,-0.37973370015139507
2024-11-21,1.677365273117527,-0.8518754320014477
2024-11-20,1.6224157581805967,0.17982942513966876
2024-11-19,2.0068934440715696,-1.3104418099940054
2024-11-17,2.278039766623614,0.1673992250183912
2024-11-14,2.088024841614609,0.3748599518918277
2024-11-13,1.8810867558990647,-0.4152873495646988
2024-11-12,1.9635662011054917,-0.34268316998531084
2024-11-11,2.216055862342105,0.6046488601595132
2024-11-10,1.8803715020598573,1.6777494435862494
2024-11-06,1.3386323537298854,-0.1448001923212731
2024-11-05,1.27466042185407,-0.1201706518515408
2024-10-30,1.4426610838250167,-0.45991829139499396
2024-10-29,1.3878992229182632,1.1923147419400244
2024-10-28,1.1394989698599851,0.6673906777817737
2024-10-27,1.0278515168861189,-0.33440631697827855
2024-10-24,1.1394807934308642,-0.564946856728511
2024-10-23,1.33729536542448,-0.6101157785958087
2024-10-22,1.1354957404089887,0.5908588157306134
2024-10-21,1.3374299142843358,-1.6108504159047903
2024-10-20,1.7645426668958921,-1.2672360804270648
2024-10-17,1.8678987448057724,-0.004431634270821906
2024-10-16,1.6208744803985735,1.0498365715168498
2024-10-15,1.2052250736928252,0.6909707350137658
2024-10-09,1.1440892151587116,0.0043206985253153255
2024-10-08,1.2803550814131408,-0.834303587620968
2024-10-07,1.5012270280323334,0.9480661883063001
2024-10-06,1.1530201850657922,1.4869144498490234
2024-10-02,1.1423618858090852,-0.748653269819144
2024-10-01,1.0149647133507183,3.2747156681632776
2024-09-30,0.2874620291598627,1.2162277027796728
2024-09-29,0.22119552279773316,-0.7000973760439659
2024-09-26,0.4572263028525837,-0.9857198357642909
2024-09-25,0.3876967224194246,1.3785892207986916
2024-09-24,0.49714914497914914,-1.7027027403037729
2024-09-23,0.8084751413458404,-1.6885429079955758
2024-09-22,0.9532428807126765,0.23818059225300564
2024-09-18,0.8913868748342807,-0.16263883142642246
2024-09-16,1.1463251234521208,-1.5709262799402237
2024-09-15,1.7289528402368994,-1.3195041772247864
2024-09-12,1.4692950157808191,2.1283947736070292
2024-09-11,1.2059459255788325,-0.6567427356752823
2024-09-10,1.3469179225531964,-0.387861610243853
2024-09-09,1.6455389741261304,-1.4689993373338002
2024-09-08,1.9552344636520385,-0.6569265525362041
2024-09-05,1.9450625623573958,-0.31757995092956093
2024-09-04,2.535728361157633,-2.2427478652466863
2024-09-03,2.778683190104737,0.23378261426851016
2024-09-02,2.392564447285771,3.4607702505456674
2024-09-01,2.006125654593386,-1.3801143524822321
2024-08-29,2.340762453869146,-0.8982527358395682
2024-08-28,2.6308810056230794,0.16839790534227697
2024-08-27,3.1949168099517204,-2.587227064968488
2024-08-25,3.786780953235415,-1.7445428251477757
2024-08-22,3.9797037471166186,0.29618358266919137
2024-08-21,3.909015789234912,0.19874835130196253
2024-08-18,4.802382537376729,-0.43528465905107794
2024-08-15,4.928421526798282,1.4493037867405394
2024-08-14,4.085063914366855,1.109921149986401
2024-08-13,3.917472189782383,0.029698043546532594
2024-08-12,4.258520620988714,2.143363055300316
2024-08-11,3.7253026760212125,2.8076328135285364
2024-08-08,3.0149508950692554,0.4080244462724323
2024-08-07,2.4968410453310432,3.1365122977026934
2024-08-06,3.0495690913619766,-3.378742500431007
2024-08-05,3.1951756113472087,1.3323909771192146
2024-08-01,3.1209873915578155,0.14084877188512485
2024-07-31,3.0194664299779017,1.9978182823769786
2024-07-30,2.2884625458508645,1.1530955827668203
2024-07-29,2.5578093291658184,-0.2974063752358286
2024-07-28,2.089306090980921,3.3299089081905
2024-07-25,1.4366144997067767,1.062811612127326
2024-07-24,1.6175989324079507,-0.553628235779005
2024-07-23,1.310684789485975,2.332751696970784
2024-07-22,1.0722382361619098,0.23101970468202349
2024-07-21,1.064710279339268,2.035087677928418
2024-07-18,0.8337148062545929,2.0431959322091933
2024-07-17,0.24471946305782658,1.8398194506767176
2024-07-16,-0.3199178334515922,2.362957246173126
2024-07-15,-0.44729900875321416,-0.43346555793526975
2024-07-14,-0.5411666328552708,1.8052058966517879
2024-07-11,-0.8812853343686563,1.0516099416214673
2024-07-10,-1.124027050420403,0.8409764786050167
2024-07-09,-1.2700895653619135,0.5935653091916738
2024-07-08,-1.3718882122616243,-0.10282293317563229
2024-07-07,-1.2818081096877754,0.8014599043150337
2024-07-04,-1.3296548907598778,0.6244054326117457
2024-07-03,-1.5390773578899872,0.20202826352159267
2024-07-02,-1.508851562728712,1.6954487377264593
2024-07-01,-1.9644864659579049,0.6114541773983475
2024-06-30,-1.916202170478488,-0.4637373812417581
2024-06-27,-1.8616041441325921,-0.2343240797224997
2024-06-26,-1.7734738644282428,-0.34487723581330026
2024-06-25,-1.7385736706176105,0.2523824170194843
2024-06-24,-1.6878653515114244,0.18928396885963236
2024-06-23,-1.7454792933243752,-0.11463233241326301
2024-06-20,-1.7212161483619222,-0.31176497809352005
2024-06-19,-1.7621862897872835,0.10913444267380198
2024-06-18,-1.6773995735384903,-0.5873044197442759
2024-06-16,-1.4754397481542962,-0.4937015857838443
2024-06-13,-1.3299923776916789,-0.2088139963417074
2024-06-12,-1.3472857900098025,0.30012615351273186
2024-06-11,-1.4554096767006528,1.2202152087315126
2024-06-10,-1.5735303961740632,0.3864653292167071
2024-06-09,-1.604690164170092,-0.079570548093194
2024-06-06,-1.6788456451027736,-0.00350922220517358
2024-06-05,-1.6986201781746564,-0.1359126380561943
2024-06-04,-1.674145378450139,0.2591762091931785
2024-06-03,-1.6913742720888276,-0.08604723110974966
2024-06-02,-1.6931253762200411,0.5255739046298181
2024-05-30,-1.6917095951193772,-0.6245472972954927
2024-05-29,-1.4954870040453396,-0.7498365804987961
2024-05-27,-1.5622231588824333,0.1687581302273495
2024-05-26,-1.4675408572407174,-0.6890728010521385
2024-05-22,-1.3516586311506413,0.6029967594920542
2024-05-21,-1.4941128658724603,0.8912709535875997
2024-05-20,-1.5130351481078805,1.0472708563807491
2024-05-19,-1.7363440983734115,1.707604410904543
2024-05-16,-1.9804469721376436,0.09492423716995615
2024-05-15,-1.9972704918864748,-0.27701419453391185
2024-05-14,-2.022046962635775,1.0982668662202386
2024-05-13,-2.2082877147131064,0.9457793206287123
2024-05-12,-2.305044292265918,0.3629861646026485
2024-05-09,-2.353796952930797,0.26503698900441186
2024-05-08,-2.4155657436909053,0.044323193699487104
2024-05-07,-2.4449098938381075,0.11308595988214942
2024-05-06,-2.358266416248937,-0.5089953866170367
2024-05-05,-2.202200026635762,-0.8068704998173712
2024-05-02,-2.039923708439136,-0.18508092726008743
2024-04-30,-2.0412778624843764,1.0258012094789948
2024-04-29,-2.2697026553368334,0.0537220096917819
2024-04-28,-2.3306812068130656,0.5659269825725152
2024-04-25,-2.3955124221451958,-0.069867969613276
2024-04-24,-2.370435462933969,0.055681738254174246
2024-04-22,-2.3785174705637857,-0.5169594561319995
2024-04-21,-2.372238953084767,0.485251230486061
2024-04-18,-2.359719378407493,-0.6677719748422373
2024-04-16,-2.2762781379749772,-0.4929914124116822
2024-04-15,-2.1367129619953507,-0.552881678574319
2024-04-14,-2.060146626118938,-0.03351484713597365
2024-04-10,-1.9963180458187915,-0.31929001208730884
2024-04-09,-1.9084447241885014,0.3895106921366679
2024-04-07,-2.0004050297685905,0.8863583455928145
2024-04-04,-2.1562025640903326,-0.04295689181695732
2024-04-03,-2.1813645019503443,-0.08477834841888769
2024-04-02,-2.186207808042734,-0.034353233083670096
2024-04-01,-2.129598033643198,-0.17815989994193152
2024-03-31,-2.0424419855537,-0.5610146254581605
2024-03-28,-2.050736597341099,0.1976014041771573
2024-03-27,-2.06441823048873,-0.35851236577091816
2024-03-26,-2.0434951139165274,0.37508439131585347
2024-03-25,-2.033583465113953,-0.5683566730470372
2024-03-21,-1.7963733653364307,-0.4649197219189424
2024-03-20,-1.8021652868712732,-0.07271855937919233
2024-03-19,-1.769721916768594,-0.1705936818983335
2024-03-18,-1.845611630181036,0.13468350532537068
2024-03-17,-1.784405145660741,-0.3275521149348353
2024-03-14,-1.6547252210290715,-0.9001193091512419
2024-03-13,-1.530264164773794,-0.03204214122733746
2024-03-12,-1.6087271336326188,2.1044364283500507
2024-03-10,-1.9650681170081108,0.8100359629552906
2024-03-07,-2.0313234857527798,0.5277017769173814
2024-03-06,-2.0802576695879975,0.38770993222792866
2024-03-05,-1.8705667531572918,-2.3612624957391044
2024-03-04,-2.2273721928957566,4.278492359507947
2024-03-03,-2.4440551320432564,-0.38334341019131746
2024-02-29,-2.289295751537983,-0.9799387119141275
2024-02-28,-2.257568538748109,-0.0014632388671309805
2024-02-27,-2.2965572802277903,0.3547182419475463
2024-02-26,-2.3309378192841343,0.5114497026111835
2024-02-25,-2.2199991232553793,-0.8982890615513213
2024-02-22,-2.097234282127451,-0.6798467133921391
2024-02-21,-2.093893811006194,-0.19892507053749753
2024-02-20,-2.008531243061565,-0.013612113378281845
2024-02-18,-1.9002916275197628,-0.8828198779603366
2024-02-15,-1.7869246401173418,-0.44227315365596354
2024-02-14,-1.7204834992937776,0.260410726382507
2024-02-13,-1.6434769053438594,-0.9728607552678671
2024-02-12,-1.6743771220854362,0.561248063189428
2024-02-11,-1.632976671462515,-0.3095251776803487
2024-02-08,-1.7092524725952054,0.22208798975616484
2024-02-07,-1.728508509105797,0.18315932241106617
2024-02-06,-1.828474289361274,0.3409519530791432
2024-02-05,-1.8749285839114325,0.5180474526225255
2024-02-04,-1.8551894872199626,-0.14172474042998168
2024-02-01,-1.6846691833709935,-0.9994133769487962
2024-01-31,-1.4686465036833756,-0.656503777856222
2024-01-30,-1.409994490969754,0.5807008070598567
2024-01-29,-1.5455934088822352,0.4023548309809155
2024-01-28,-1.6808146323231008,0.3966044910445774
2024-01-25,-1.7036517103106061,-0.08462754877885023
2024-01-24,-1.6347101328958713,-0.30005223685276067
2024-01-23,-1.5949018384946263,0.046461522711179225
2024-01-22,-1.3656045983644767,-0.954225001391553
2024-01-21,-1.1053215839851613,-0.7239349995788236
2024-01-18,-1.005950033750435,-0.10565064316284009
2024-01-17,-0.7621284549904901,-0.23234791880015837
2024-01-16,-1.0195464760033117,1.970516008240498
2024-01-14,-1.4493501094978773,1.1609242248860747
2024-01-11,-1.6254124024181904,0.03395036480485949
2024-01-10,-1.5484345144615934,0.3973750901081126
2024-01-09,-1.552044656176001,0.8206556788993759
2024-01-08,-1.8295023849680334,1.3691254659841041
2024-01-07,-1.8301082565858,-0.8230990072368561
2024-01-04,-1.7021038313033587,-0.20410162425991035
2024-01-03,-1.882327613826074,1.045948343470213
2024-01-02,-1.893718427032386,-0.9759636534225471
2024-01-01,-1.7167358006924003,-0.23537917778188205
2023-12-28,-1.7301422514044746,-0.003285676538559128
2023-12-27,-1.6089395944895422,-0.5062393430517709
2023-12-24,-1.346173439804056,-0.5900932278238809
2023-12-21,-1.2970845502387014,-1.0048721295323966
2023-12-20,-1.2135044606546885,1.3138167656504727
2023-12-19,-1.5219036037142493,1.6972062558740357
2023-12-18,-1.6375903382526693,1.4787301344392316
2023-12-17,-2.0263531841785434,1.10223933889913
2023-12-14,-2.2285364759875153,0.28735477926159037
2023-12-13,-2.147835583657995,0.16793062987155735
2023-12-12,-2.232349306080285,1.44685221370305
2023-12-11,-2.2208064402233867,-0.4554300515674385
2023-12-10,-2.7724108842588735,4.313593323526767
2023-12-07,-2.9537454226686792,0.5427420729236634
2023-12-06,-3.1378967432473055,0.18286458681616435
2023-12-05,-3.077117327122933,-0.3254324845027955
2023-12-04,-3.0754380039239844,-0.07712745229576944
2023-12-03,-3.0833371927673587,-0.2342288247085218
2023-11-30,-2.994626238981162,-0.6375159951251701
2023-11-29,-2.9085124712735437,-0.6375764705681677
2023-11-28,-2.846490891853594,-0.03840595703307967
2023-11-27,-2.757032297309768,-0.37432477490883337
2023-11-26,-2.833623504590897,1.8966986163324155
2023-11-23,-3.059306586420823,0.43549375417433317
2023-11-22,-3.1402618943717506,0.8625155621184983
2023-11-21,-3.153371818816617,-0.8685102199665159
2023-11-20,-3.049240571450061,0.09746563034887507
2023-11-09,-3.067902950370669,-0.411037991950246
2023-11-08,-3.052881782305804,0.23196844963904498
2023-11-07,-3.062536386124236,0.47521092794696185
2023-11-06,-3.1494719969614406,0.8802370036201672
2023-11-05,-3.1761992878413605,-0.7804029699888345
2023-11-02,-3.0857043218092355,-0.3703133091555511
2023-11-01,-3.0465762549658364,-0.18348643672817086
2023-10-31,-3.027206622563166,-0.5142561481248966
2023-10-30,-3.000690925052795,0.1472755048527643
2023-10-29,-2.9340461274438585,-1.031056295997159
2023-10-19,-2.818263427680216,-0.12088067119225296
2023-10-18,-2.901170166497285,1.6972519517897895
2023-10-17,-3.0206178583655445,0.5520599394153515
2023-10-16,-3.0162990255327866,-0.8320578670639985
2023-10-12,-2.8693459764714535,-0.8062701133399328
2023-10-11,-2.8651794916516704,0.22955170146161263
2023-10-10,-2.8296855772269427,-0.6702855165456312
2023-10-09,-2.7607491203564627,-0.4337914960124667
2023-10-08,-2.5834636658543157,-1.2658686762650386
2023-10-05,-2.5299578844173687,-0.3849994213145045
2023-10-04,-2.5023877908821146,0.3543571135267266
2023-10-03,-2.499576044686128,-0.6138049193014002
2023-10-02,-2.431059237545492,0.21557682808444759
2023-10-01,-2.3592417614300754,-1.1558488530599118
2023-09-27,-2.2284779838449156,-0.6335014612115829
2023-09-26,-2.173170079360937,0.6835337571220838
2023-09-25,-2.264939096656439,-0.1941034502665962
2023-09-24,-2.147653126115911,-0.6520195634398834
2023-09-21,-2.0906145346700207,1.652877263609647
2023-09-19,-2.448295891047653,0.601671187007229
2023-09-18,-2.5271087304695348,0.16009713570624773
2023-09-17,-2.3444889365675423,-1.466807641176055
2023-09-13,-2.3585660251701084,1.4520085927651827
2023-09-12,-2.4473269909302178,-0.6831317241145154
2023-09-11,-2.466470596853484,1.6597626298463595
2023-09-10,-2.6406268843096554,0.39493317016246887
2023-09-07,-2.6127104935669,-1.0312601276879054
2023-09-05,-2.5438169232170957,-0.22098521335521504
2023-09-04,-2.519347973904614,0.26676950930451676
2023-09-03,-2.4642925242399745,-1.0535554246285304
2023-08-30,-2.3729979776896077,-0.0926613663943377
2023-08-29,-2.3805739497196075,-0.17872184722556003
2023-08-28,-2.3578196917385372,0.1821078190285503
2023-08-27,-2.317506157200576,-0.7230672120777033
2023-08-24,-2.164170053833616,-1.096775376967902
2023-08-23,-2.141729370202893,1.0521978062846915
2023-08-22,-2.29030153976878,0.6400011387353537
2023-08-21,-2.292012547925303,-0.44792894328313865
2023-08-20,-2.2111692968761423,-0.7670712764491903
2023-08-17,-2.144374076792146,0.2858235680666817
2023-08-16,-2.1424987416573007,-0.6996933190827398
2023-08-15,-1.9652913554544802,-1.0838330118085233
2023-08-14,-1.8608483759550294,-0.1164522335508162
2023-08-13,-1.820274674211164,0.5391755810076249
2023-08-10,-1.942365973131118,0.1844932276264935
2023-08-09,-2.089886671240611,1.4692296674785716
2023-08-08,-2.1293559663983097,-0.9785984342661669
2023-08-07,-1.9949339974574025,-0.08719978506372984
2023-08-06,-1.8652737149525636,-1.2901777984095955
2023-08-03,-1.8251131843748039,0.09443921044960489
2023-08-02,-1.891579199996549,0.31455877212562966
2023-08-01,-1.8151812001058143,-0.9704454703582938
2023-07-31,-1.7526808358264772,0.1860948914939731
2023-07-30,-1.669941658782665,-0.8691616476696088
2023-07-27,-1.5351063126321516,-0.9869719525830913
2023-07-26,-1.4151716436158994,-0.27717108751163627
2023-07-25,-1.2950931021722978,-1.1812823473713365
2023-07-24,-0.9846951950304661,-0.8236497011559432
2023-07-23,-1.0832670111177667,2.119830428526764
2023-07-20,-1.3649933091109074,-0.039379288129125674
2023-07-19,-1.3701451524227144,0.38566372653342584
2023-07-18,-1.3744193552188082,0.34824171876878274
2023-07-17,-1.6204804547554996,1.6113333154782374
2023-07-16,-1.7793032603750136,0.42468334569903177
2023-07-13,-1.6862678307470351,-0.3974412105200002
2023-07-12,-1.7417627983886557,0.9051081702936158
2023-07-11,-1.8290441010641743,-0.13938095892450955
2023-07-10,-1.7168062476737964,0.01719925523778232
2023-07-09,-1.8497687544128247,1.0219728649406048
2023-07-06,-1.9364543536230792,0.038391301283099755
2023-07-05,-1.8374261394891724,-1.3160365821861413
2023-07-04,-1.797599416720997,0.45281972399337567
2023-07-03,-1.668903208979437,-0.6806598605262955
2023-07-02,-1.4096872172574721,-1.7282590634778707
2023-06-28,-1.0973239668556427,-1.0902406822253004
2023-06-27,-1.1820857563655829,1.9781467410431488
2023-06-26,-1.3437392364923584,0.46188753101513685
2023-06-25,-1.4512129137897558,2.2817575503804415
2023-06-22,-1.8693596508640167,0.20968957462582433
2023-06-21,-1.8488109667488006,-0.442508267478165
2023-06-20,-1.6946805381465704,-0.8569594877814087
2023-06-19,-1.5881723557189782,-0.03472690707861556
2023-06-18,-1.6845638224459802,1.911310328259638
2023-06-15,-1.9864220672453765,0.22285117608733518
2023-06-14,-1.84683310970199,0.6705307524249144
2023-06-13,-2.057694977856204,1.3094179894088063
2023-06-12,-2.25844096819729,0.33132099223379124
2023-06-11,-2.3262859681052204,1.5711706930223481
2023-06-08,-2.560229033832295,0.3255775432419247
2023-06-07,-2.556818235419447,0.2267397648668995
2023-06-06,-2.6908434937201244,1.0195105786514012
2023-06-05,-2.696215368350299,-0.6011363437622743
2023-06-04,-2.80062819306718,2.0850772855257937
2023-06-01,-2.992304194137002,0.6980977157070076
2023-05-31,-2.9071304009779904,-1.4023656812981693
2023-05-30,-2.6757659225481887,-1.9037926264921226
2023-05-28,-2.44606179401959,-0.582275050213747
2023-05-24,-2.5272269211421183,0.64810723889386
2023-05-23,-2.6445317000107997,1.998404730909338
2023-05-22,-2.891593437968292,0.35144350188818846
2023-05-21,-2.8668386711078675,0.27311235475696205
2023-05-18,-2.976206813266125,1.3084166283558243
2023-05-17,-3.173879201311706,0.9654099441788506
2023-05-16,-3.2686783189480457,0.17609893947364177
2023-05-15,-3.2678996673226997,-0.0796520929527781
2023-05-14,-3.189648364630005,-0.6099622858140141
2023-05-11,-3.182032703344986,-0.08880686789226021
2023-05-10,-3.1538284151544875,-0.05468442823550213
2023-05-09,-3.1519458190330902,0.46005965837199275
2023-05-08,-3.1535371211671763,-0.6069428480619036
2023-05-07,-3.075497878415308,-0.6968382615173497
2023-05-04,-3.0464982695841445,0.5312179517166338
2023-05-03,-3.067884072728075,-0.3169061400494231
2023-05-02,-3.0199243693315503,-0.1313155785747715
2023-04-30,-2.9534995648490465,-0.6867864324773856
2023-04-27,-2.9157139010646733,-0.057287276250927124
2023-04-26,-2.8570867883913924,-0.4879571483175045
2023-04-25,-2.8655232919204003,0.6899059865814757
2023-04-24,-2.934124434775796,0.13067781699526548
2023-04-23,-2.8891657255489265,-0.6800250919238494
2023-04-20,-2.782384726747861,-0.5597667671271785
2023-04-19,-2.784318971119519,0.5915591550336075
2023-04-18,-2.834812607650577,-0.08663551122954743
2023-04-17,-2.755385872294287,-0.8502341963925413
2023-04-16,-2.6849456200577313,-0.07841806436087345
2023-04-13,-2.5296003327480747,-1.0298561485316602
2023-04-12,-2.646058543739808,3.5838306058901086
2023-04-11,-3.043011316993319,1.1033985148544665
2023-04-10,-3.1361664086166603,0.2621866704362097
2023-04-09,-3.0750877406736095,-1.0392864498112386
2023-04-06,-2.980694108153012,-0.277561255127549
2023-04-05,-3.0046740857099827,0.35903404083380563
2023-04-04,-3.0037122924504023,-0.16154066765037853
2023-04-03,-2.95503131634624,-0.5945050048982619
2023-04-02,-2.819019504650586,-0.7163275548563051
2023-03-30,-2.7720598460726746,-0.38379317120800466
2023-03-29,-2.7787202959294985,0.05862559434714088
2023-03-28,-2.714427186076333,0.48862097935412435
2023-03-27,-2.850598383929696,0.7180748324356515
2023-03-26,-2.8278708372294403,-0.9642314713902009
2023-03-23,-2.7065416287368547,-0.6380120757854825
2023-03-22,-2.600838596049071,-0.5537709038240118
2023-03-20,-2.6254752825639747,0.8739844496168901
2023-03-19,-2.6890275072441407,-0.23317988037209111
2023-03-16,-2.6613602090859274,-0.16819051222806128
2023-03-15,-2.613923789861412,-0.5063697390349267
2023-03-14,-2.5738261198447585,0.08468800300823388
2023-03-13,-2.5301424238620376,-0.8780974049012501
2023-03-12,-2.3375817011714393,-0.9401303701366135
2023-03-09,-2.3892776072739474,1.8570670494197916
2023-03-07,-2.5844023452263527,0.5534019403505749
2023-03-05,-2.5528052269924832,-1.092234236921814
2023-03-02,-2.423929631916951,-0.9951562710116755
2023-03-01,-2.288953708107334,-0.8603409896937018
2023-02-28,-2.2046748002809027,-0.1238739949571727
2023-02-27,-2.1700398738848286,-0.11118787539165934
2023-02-26,-2.181464064440775,0.19571226776406986
2023-02-23,-2.0035546511291886,-1.9671876025041728
2023-02-22,-1.9491646608104605,1.1781617200375818
2023-02-20,-1.9992865737896854,-0.8081329747325079
2023-02-16,-1.8953141416389134,-0.7286979233954991
2023-02-15,-1.7976870221832981,-0.48217816983085654
2023-02-14,-1.7323978902684058,-0.5635436753762707
2023-02-12,-1.4577218859598136,-1.9920071591490267
2023-02-09,-1.405503144608076,0.38618160647320127
2023-02-08,-1.2356635786668535,-0.2225289176173061
2023-02-07,-1.450293701702149,2.636081133369826
2023-02-06,-1.8304184973783983,0.14333663438358546
2023-02-05,-1.7800247385808012,0.045868533465390375
2023-02-02,-1.7360256635627387,-0.7481124899460916
2023-02-01,-1.7202938747333358,0.15968659106618252
2023-01-31,-1.6051294083446899,-0.5197161370874938
2023-01-30,-1.441791599732675,-1.3398940923049185
2023-01-29,-1.3117605829659125,-0.4813622748580782
2023-01-26,-1.272522622598132,-0.02206358544050071
2023-01-25,-1.2389418008542852,0.3522603994205392
2023-01-24,-1.3782789030648832,0.2755985286136341
2023-01-23,-1.2370149169537337,-0.4328998256310249
2023-01-19,-1.304579923483411,0.18616884921267052
2023-01-18,-1.1199949199149337,-0.2508537296405979
2023-01-17,-1.3057229325731734,1.1098485938177538
2023-01-12,-1.092223500782124,-1.2848578235163914
2023-01-10,-0.7536597007315561,-0.5949400160600039
2023-01-09,-1.052618965082101,1.6139117690016866
2023-01-08,-1.2023674036126863,0.7521558571511682
2023-01-05,-1.334157448466939,0.6612307135649536
2023-01-04,-1.647773407306041,2.284859813934754
2023-01-03,-1.8307045009453733,-0.06455325349906164
2023-01-02,-1.9246600272301504,0.6582933625914613
2023-01-01,-1.853861815436346,0.6705233261350378
2022-12-29,-2.1879788196447483,2.1125121237855997
2022-12-28,-2.3580325149452475,-0.3943757285418929
2022-12-27,-2.293146280439477,2.312847523100493
2022-12-26,-2.7561086041445395,2.2456745174752637
2022-12-22,-3.0185516839991715,0.04635229139283897
2022-12-21,-2.9912247913705294,-0.1855099876541638
2022-12-20,-3.0003687680602873,0.5843049724050249
2022-12-19,-3.06195376140111,0.19236641469589771
2022-12-18,-2.9952687119971517,-1.0011783324563974
2022-12-15,-2.8820326355943493,-0.504962455203015
2022-12-14,-2.869015925758853,-0.07475793441158654
2022-12-13,-2.869014692399681,-0.06582346075840981
2022-12-12,-2.859571221641534,0.6892297842997338
2022-12-11,-2.8410335236124613,-1.162284679624546
2022-12-07,-2.6652527239949326,-0.5762853377381274
2022-12-06,-2.6722308108739203,-0.15859355699994723
2022-12-05,-2.543008167917323,-0.8628013120838838
2022-12-04,-2.481129519547038,0.10572952317719252
2022-12-01,-2.5393841543308486,0.4393806041198977
2022-11-30,-2.607094365288682,-0.11557846490975221
2022-11-29,-2.602449870078515,0.12402746205893753
2022-11-28,-2.5024793598483552,-0.5406296821824124
2022-11-27,-2.5008694113377143,1.246135774864536
2022-11-24,-2.7132649078102835,0.45236060191581806
2022-11-23,-2.7194316535950875,-0.2615713327739932
2022-11-22,-2.623758181966248,-0.2361566460709377
2022-11-17,-2.6516799315075597,1.0022477133036005
2022-11-16,-2.8205351882718332,0.5356604700076228
2022-11-15,-2.819408392835587,-0.21964809840552635
2022-11-14,-2.874178162690144,0.8426067804176602
2022-11-13,-2.9170887750282564,-0.37145708501520275
2022-11-10,-2.8017851330270993,-0.8489898374088609
2022-11-09,-2.628460655416477,-1.40307033657554
2022-11-08,-2.554197553805465,-0.07681352919871225
2022-11-07,-2.4219242759563038,-0.19767000528367243
2022-11-06,-2.568456180708699,1.644936716684362
2022-11-03,-2.7060748280626616,-0.5742913852419542
2022-11-02,-2.6238339100412595,0.304953971948813
2022-11-01,-2.7868315753599187,2.181040711073358
2022-10-31,-3.025246459102203,0.664904649205459
2022-10-23,-3.116632893757027,0.5935457071085264
2022-10-20,-3.1619061311721683,-0.01339412406240793
2022-10-19,-3.115070401541668,-0.45672257045383585
2022-10-17,-3.081128942378812,-0.06825807096022306
2022-10-16,-3.0376798902743944,-0.3348909275820314
2022-10-13,-3.0074949934895288,0.1946816468715334
2022-10-12,-3.0584005019730873,0.47343115854781764
2022-10-11,-3.0721535427885063,-0.5838492907507008
2022-10-10,-2.918241429464212,-0.9898330859455271
2022-10-09,-2.9565356291781244,1.7620646820742696
2022-09-29,-3.1375359866322285,0.6771288199815353
2022-09-28,-3.195686570654752,0.2890527345659059
2022-09-27,-3.2314156584307896,0.676422975520162
2022-09-25,-3.2114717830593222,-0.8757567126895269
2022-09-22,-3.1452111632701243,-0.33990071807236055
2022-09-21,-3.122963809411568,0.4779526908675886
2022-09-20,-3.054295175291333,-1.4326388340361722
2022-09-18,-2.839390987792375,-1.2268853713464132
2022-09-16,-2.8060225165501587,-0.49576020018524186
2022-09-15,-2.5010634605050983,-2.020897961805144
2022-09-14,-2.495966333679317,1.7813091625032167
2022-09-13,-2.716110409162893,0.8181887443717888
2022-09-12,-2.768070520065316,-0.4792060247429452
2022-09-11,-2.7022428584869314,-0.4067313712785383
2022-09-08,-2.6527660242018376,-0.05683067373987876
2022-09-07,-2.637361197092369,-0.42253473474052367
2022-09-06,-2.5236061391625326,-0.7559346684304814
2022-09-05,-2.468444145600958,-0.15070407979810702
2022-09-04,-2.4549967809892426,0.25474852706331846
2022-09-02,-2.507439358386314,-0.05383496899344033
2022-09-01,-2.464352994913228,-0.015085948219437437
2022-08-31,-2.4289289443702877,-0.777488605316316
2022-08-30,-2.3603801431366898,0.08278109384261854
2022-08-29,-2.3831561816797526,0.1487195165588674
2022-08-28,-2.2468719063365143,-1.1558602863778187
2022-08-26,-2.179245166710828,-0.5942203627907183
2022-08-25,-2.0467303780393076,-0.6327674327961419
2022-08-24,-2.010118308048308,0.09819370160369748
2022-08-23,-2.0520599365184595,0.05917980606817616
2022-08-22,-2.0154899643248787,-0.2543216382063888
2022-08-21,-1.9256193824569972,-0.2576574104942119
2022-08-18,-1.9774978699875034,0.9794307774429261
2022-08-17,-2.1019937491397163,-0.014870099070650657
2022-08-16,-1.926916888796443,-0.8330162361507104
2022-08-15,-2.0346701791330903,2.019767253819999
2022-08-14,-2.167883908322613,-0.964939273274213
2022-08-11,-2.034230620973528,-0.6540686553917566
2022-08-10,-1.979608416774611,-0.20025594841990177
2022-08-09,-1.7882207436459179,-1.4558512496326386
2022-08-08,-1.6147124716575132,-0.5828952693101771
2022-08-07,-1.6240626829456726,0.360053558260228
2022-08-05,-1.5817971529543569,-1.1580062575455845
2022-08-04,-1.2954817934852387,-1.2498196957864125
2022-08-03,-1.1421520804097378,-0.20383725291404112
2022-08-02,-1.219527927099098,-0.09137397810702565
2022-08-01,-1.0516500736030994,0.06677192708959202
2022-07-31,-1.2070966648194612,1.8685821113904975
2022-07-29,-1.5865056790710808,0.42915353432414455
2022-07-28,-1.401802353863514,0.585314938274347
2022-07-27,-1.698513313830823,0.844411089454292
2022-07-26,-1.588083091268036,-1.4704025891686445
2022-07-25,-1.5484871165786531,1.924137947687429
2022-07-24,-1.927084190299742,2.1997992430412796
2022-07-22,-2.166746906638782,-0.9493272093287946
2022-07-21,-2.048562064582519,-0.2047614807667587
2022-07-20,-2.050885881267394,0.17829215349674776
2022-07-19,-2.0334307226233226,0.5953837713293677
2022-07-18,-2.2298483891743275,0.6501332817095278
2022-07-17,-2.284252137379637,0.0771515518821255
2022-07-15,-2.2945571108461285,0.29940034556011297
2022-07-14,-2.256655984463896,0.5688709252280781
2022-07-13,-2.453845962305103,2.255017415084888
2022-07-12,-2.658151107081355,0.47902893158630894
2022-07-11,-2.4949837167405042,-2.7181350152379076
2022-07-08,-2.288483786604742,-1.222817530574235
2022-07-07,-2.062848485517145,-0.57259877187868
2022-07-06,-2.098171677600905,0.49481058159980434
2022-07-05,-1.9239461964723374,-1.5577673017770441
2022-07-04,-1.6123999786101493,-0.28180749725958487
2022-07-03,-1.9362444838279336,2.0580862256342916
2022-07-01,-2.1408120229186856,-0.312334165248082
2022-06-30,-2.1956192952196867,2.774995275130257
2022-06-29,-2.5883179339969318,1.5708757872973922
2022-06-28,-2.715997439987594,-0.41141649209776576
2022-06-27,-2.495368695488644,-0.8341500923311744
2022-06-26,-2.663552010257206,3.712958922930983
2022-06-24,-3.0768575313858464,0.5883678751432839
2022-06-23,-2.9867843328829604,-1.6579106893145203
2022-06-22,-2.821259304019197,-1.1353823821560973
2022-06-21,-2.785565151956646,1.5563360929829924
2022-06-20,-2.7573242884032427,-1.779587752085695
2022-06-19,-2.5863432142780507,-1.3345807581769336
2022-06-17,-2.4817838487392527,-0.26981529305304996
2022-06-16,-2.4644135363638364,0.47398389195836194
2022-06-15,-2.429660288963389,-1.054103769196686
2022-06-14,-2.2781286811040617,-1.2726431736012647
2022-06-13,-2.15406890772571,-0.5613148033388305
2022-06-10,-2.0864958798289006,-0.5257401204588762
2022-06-09,-1.9215531829971004,-0.6187848057198122
2022-06-08,-2.0145056467847997,2.138850696974427
2022-06-07,-2.130470671683178,-1.586109777709703
2022-06-06,-1.967643625025605,-0.45679050407312205
2022-06-03,-1.8629225834164167,-1.1649392083793124
2022-06-02,-1.731386073874993,-0.6461678708401335
2022-06-01,-1.6736066240066862,-0.27908334021175163
2022-05-31,-1.5816420131999598,-1.2027902767182688
2022-05-30,-1.3376618380363363,-1.6692877128733894
2022-05-27,-1.1778984214533192,-0.5679829004878187
2022-05-26,-1.1830173682499356,0.1873270168202604
2022-05-25,-1.2043153488297869,0.4015268002769651
2022-05-24,-1.3003222519967623,0.47350347618434996
2022-05-23,-1.2379602212595124,-1.1509269451062591
2022-05-20,-1.1518984892257575,-0.572810931132416
2022-05-19,-1.025801827925881,-0.8063404912133814
2022-05-18,-1.0133836150394633,0.21284394259231643
2022-05-17,-0.8008607635773874,-2.66086997280448
2022-05-12,-0.4473749275765906,-0.6392330959328736
2022-05-11,-0.5532099960221832,1.666038954237333
2022-05-10,-0.8671006183497946,1.323877701016744
2022-05-09,-0.9826287396000408,0.31941160673023433
2022-05-08,-1.1356026536263886,0.5139913137593533
2022-05-05,-1.0518420983306536,-1.224846267404427
2022-05-04,-0.8925843331385489,-1.0666079605872405
2022-05-02,-0.6866095791101666,-1.5694176865965397
2022-04-28,-0.48771976213693974,-0.6968804691724404
2022-04-27,-0.5180866008282242,0.053952658738042204
2022-04-26,-0.4734034328644259,-0.559648092175289
2022-04-25,-0.2523953967409376,-1.1254384381715592
2022-04-24,-0.3287335316206956,2.8754675924540454
2022-04-21,-0.7237087467154303,0.07425604166274528
2022-04-20,-0.6303377094666612,-1.2064025752956928
2022-04-19,-0.5999698457566827,0.31682084546394945
2022-04-18,-0.5132016979249013,-1.3470052035726103
2022-04-17,-0.31320151029944626,-0.9890527255603843
2022-04-13,-0.34666301771130886,0.8087188267521486
2022-04-12,-0.3165498735222523,-1.1369173494112608
2022-04-11,-0.013506170319356024,-1.3993370171328947
2022-04-07,-0.029456725084030386,0.9522368520398612
2022-04-06,-0.1056947233330681,-0.7836305102583716
2022-04-05,0.12363787234491118,-1.431783352082724
2022-04-04,0.21039412882727448,-0.5853364852705468
2022-04-03,0.2935035762121451,-1.0097404732246995
2022-03-31,0.4793561894846753,-0.8073944351978509
2022-03-30,0.4557602578332477,1.0276637958195372
2022-03-29,0.36771609398604765,-0.5392451620444723
2022-03-28,0.5293573597473766,-0.9709686748617837
2022-03-27,0.934537637406344,-1.2192212349431808
2022-03-24,0.9111212596269324,-0.57844331458838
2022-03-23,0.8924048130680492,-0.7127359648992336
2022-03-22,0.9624720042394098,0.28753795079574085
2022-03-21,0.8610397346126358,0.352774606278397
2022-03-20,0.8428611297677152,-0.5526176071304422
2022-03-16,0.9511237362145465,-0.6796963338473442
2022-03-15,1.098367724273544,-0.5939341954272701
2022-03-14,0.9897308419272549,-0.18008557591487445
2022-03-13,1.060000294667147,2.7395246142130025
2022-03-10,0.4571455953417563,1.3806630052370308
2022-03-09,0.3706091709248547,-0.973722381580003
2022-03-07,0.4898307845722359,-0.07669732697080925
2022-03-06,0.46744044863754186,-0.22157767318555657
2022-03-02,0.7059974407009454,-1.8474923722954713
2022-02-28,1.0219301395866744,-1.2845393165703445
2022-02-27,1.085180093043182,-0.34379008814720297
2022-02-24,1.2968465708963033,-1.6760097073126454
2022-02-23,1.42278407964165,-0.5688354493124024
2022-02-22,1.44898748383628,0.30015983046692135
2022-02-21,1.3108814585105977,0.5174073392160294
2022-02-20,1.3401976122280348,-1.158996595762853
2022-02-17,1.3819676391346312,-0.23271497582254513
2022-02-16,1.5054296618102858,-0.6854240873902754
2022-02-15,1.4457932661732096,1.2557870601742145
2022-02-14,1.3543054814290039,-0.13944714815801937
2022-02-13,1.6932893863205196,-2.6690572164847106
2022-02-10,1.86878184251188,-0.4749825227351641
2022-02-09,1.9080268314833748,-0.7392757792652267
2022-02-08,2.3486890641482736,-0.5354786927340077
2022-02-07,2.1330889917747355,0.20491753251625133
2022-02-06,2.2567607920511588,-1.1436348709611786
2022-02-03,2.673813211198935,-0.43517021117340254
2022-02-01,2.454237361555087,0.35937435359596565
2022-01-31,2.3524140208282835,-0.5167702658250671
2022-01-30,2.2817919499341297,2.607464783034079
2022-01-27,1.7202002615059844,-0.08565105844068091
2022-01-26,1.8315161465736325,-1.1267086682265397
2022-01-25,2.061095845089786,0.009492161285954731
2022-01-24,2.5600748424216637,-2.516997898862512
2022-01-23,2.7459754063211195,-0.39250397100040724
2022-01-20,2.5570600712939244,0.6676293452951998
2022-01-19,2.601126422554806,-1.0879533643846615
2022-01-18,2.927979668582248,-0.3615984316962879
2022-01-17,2.852229545653883,0.40136389588731886
2022-01-16,2.8307871444281005,1.6752645891607616
2022-01-13,2.231446215853257,1.2799848247938925
2022-01-12,2.3068297710897165,-0.8462984633469935
2022-01-11,2.13444649948758,1.172213657748675
2022-01-10,2.00369967922455,0.4232970399696704
2022-01-09,1.787521545610018,1.8785123407818611
2022-01-06,1.1715708529231899,1.0412716104986246
2022-01-05,1.2447261997436432,-0.9324732365015438
2022-01-04,1.1121999370004088,1.544392606500347
2022-01-03,0.9591928714561373,0.7114862568211937
2022-01-02,0.6822848485357199,1.6269966615559603
2021-12-29,0.4544341898575794,0.06967334983955256
2021-12-28,0.3702592823449583,-0.17657481014246762
2021-12-27,0.7927685694266533,-1.9822379469279456
2021-12-26,0.7860343208364057,1.9601317928499264
2021-12-23,0.4938179636104781,0.2921004413227525
2021-12-22,0.26534599271191944,2.689801724059708
2021-12-21,-0.3046206303176901,1.6503880768210366
2021-12-20,-0.3980780424296285,-0.6106293315123107
2021-12-16,-0.2977407776909046,-1.208334978081536
2021-12-15,0.06393350732726986,-0.1600689055589507
2021-12-14,-0.507471622812987,4.229736600849183
2021-12-13,-0.5902182362029607,-2.4246818182131578
2021-12-12,-0.1716927920002173,-2.6552592504363894
2021-12-09,0.006051279173636628,-0.260959406212396
2021-12-08,0.14959957903657137,-1.619101615476782
2021-12-07,0.47556311183981187,-1.1517819174805062
2021-12-06,0.46904928566249265,0.8574139429617905
2021-12-05,0.5916949945386349,-2.0923505883106164
2021-12-02,0.8538991847032887,-1.4530120490830187
2021-12-01,0.9324781659420291,0.001405885826867054
2021-11-30,0.9212313386905274,-0.1743947877679508
2021-11-29,1.0764681938442797,-0.6951710580215439
2021-11-28,1.433408989419187,-2.1927171670936842
2021-11-25,1.5030830551015313,-0.23202298530369367
2021-11-24,1.5055841016022422,-0.08346567329733352
2021-11-23,1.58636161849338,-0.9797085551506794
2021-11-22,1.671867665281994,0.05635049150477911
2021-11-21,1.6990201849095707,-0.4426953334249248
2021-11-18,1.955894146402152,-0.9339076103711876
2021-11-17,2.145458434834892,0.35711504630949076
2021-11-16,1.7455479555972488,1.7205660758217851
2021-11-15,1.440349884807037,0.5892481918673017
2021-11-14,1.3042173738145553,-0.16119216887057614
2021-11-11,1.5255176049557169,-1.6662981017548497
2021-11-09,1.9628693326011963,-2.1183778370594646
2021-11-08,2.0845284977794303,-0.7795004721436024
2021-11-03,2.3285556204253397,-0.12279662897297683
2021-11-02,2.146394575289466,0.40649090741312643
2021-11-01,2.322227156058191,-0.7041267859996622
2021-10-31,2.212504451744593,1.2363051815585449
2021-10-28,1.8142580468671856,0.09130925538206439
2021-10-27,1.8705724575438099,0.31679437009871486
2021-10-26,1.630390735134224,1.9230747775365904
2021-10-25,1.053979588388026,2.257816982457506
2021-10-24,0.6117112456545087,0.6388747010041992
2021-10-21,0.569046974667989,-0.625731177150814
2021-10-20,0.5270245530016534,1.4730150582219106
2021-10-19,0.5355563658217773,-2.2343293819154044
2021-10-18,0.8583723341582514,-2.0903677754055674
2021-10-17,0.893092562489382,0.3046201596779806
2021-10-11,1.0635807096267706,-0.6773797037612066
2021-10-10,1.2940463751081872,-0.6943475377496396
2021-10-06,1.1512350418788748,1.6693776918058838
2021-10-05,0.7526768986973216,0.9032307670979416
2021-10-04,0.6856304787436559,-0.43830267313805726
2021-10-03,0.8885106110073734,-1.7004565130584908
2021-09-30,1.095422721248188,-1.0785261567423732
2021-09-29,1.1102282679457622,1.220635492172718
2021-09-28,1.2228637700090028,-2.1671031479090583
2021-09-27,1.5431587638141842,-2.1123956544233216
2021-09-26,2.030616660119188,-1.6796851896860963
2021-09-23,2.3210536311903667,-0.009955776720478733
2021-09-22,1.8928104595205903,2.6426572717805006
2021-09-21,1.6076091472306262,0.2190683681147218
2021-09-20,1.9775077927180584,-2.9457792889604284
2021-09-16,2.464091141129301,-2.0678549115031593
2021-09-15,2.4913068130239284,-1.1932850015666743
2021-09-14,2.6299790432993486,-0.6961135884187005
2021-09-13,3.0573517686525356,-0.08728656582052328
2021-09-12,2.8814184598237937,1.6875648416997135
2021-09-09,2.5065981391825622,-0.0968845250675745
2021-09-08,2.58029410175337,-1.6280759413033143
2021-09-07,2.925601733829634,-1.2162367553600908
2021-09-06,2.825586562843373,4.066322887158003
2021-09-05,2.7215253054347808,-2.708925242642257
2021-09-02,3.037442279265731,-1.263152850877282
2021-09-01,3.1907369418127063,0.4229950941579057
2021-08-31,3.631274085248371,-0.005283140662203563
2021-08-29,4.129244225692669,-1.0844036911770474
2021-08-26,4.039032774389467,0.3272245764765747
2021-08-25,3.966207960806643,-1.3149424945709103
2021-08-24,4.569434941839162,-1.2493920141056525
2021-08-19,5.144108760355378,-0.28068986271063395
2021-08-18,5.157773174018693,0.8563581492903465
2021-08-17,4.793129753260035,-0.009432988376445276
2021-08-16,4.57824710638008,-0.09830034219002762
2021-08-15,5.015870126012904,-0.3883784765354273
2021-08-12,4.80270386923023,0.364410122536846
2021-08-11,4.612879395322054,-0.03610300042059598
2021-08-10,4.6547319377268055,1.2448399367179437
2021-08-09,4.20222592492895,-0.020734759920156713
2021-08-08,4.216989511265408,-0.038620558036442404
2021-08-05,4.255032813985789,-0.3639014606522882
2021-08-04,4.404344411679655,0.25266902585991924
2021-08-03,3.947240042625638,-0.06460405380993393
2021-08-02,3.8358962389908293,0.016900649789889467
2021-08-01,3.9143219999063126,-0.027239178760961883
2021-07-29,3.8427897181037824,-0.4813610748451044
2021-07-28,4.046488706703168,0.108246458410482
2021-07-27,3.9414019577950836,0.6679692020695999
2021-07-26,3.9488172183331507,-0.25064411670603787
2021-07-25,3.8604698775763873,1.315828755409659
2021-07-22,3.414632146612453,0.405091852043805
2021-07-19,3.4829295523462513,0.20440524107754904
2021-07-18,3.157694973098608,2.324451048497986
2021-07-15,2.5978734023443075,0.08685953463724007
2021-07-14,2.345030963048036,-0.11417945095245657
2021-07-13,2.3083180310826497,0.26537138533652477
2021-07-12,2.7425307245270045,-1.1544237088587597
2021-07-11,2.549611835311288,1.766731828215844
2021-07-08,1.999964738485407,0.47051526291197004
2021-07-07,1.9359062423433497,-0.5788527408640395
2021-07-06,1.9828347465592109,-0.29880600093018833
2021-07-05,2.051684442322526,-0.45811307608111934
2021-07-04,2.1480505860234502,-0.3638455141134622
2021-07-01,2.2856526658628633,0.3796825318415668
2021-06-30,2.094390059787069,-0.8374341315833952
2021-06-29,2.329707947148142,-1.2949406664982397
2021-06-28,2.5603223296113184,0.009938371022267183
2021-06-27,2.4092773024335226,0.5864400593652942
2021-06-24,2.3613193366793914,-0.5203901677908342
2021-06-23,2.6751947497300295,-1.4282307570103168
2021-06-22,2.737987505699298,1.9720687140282216
2021-06-21,2.829914768792867,-1.7586704081007478
2021-06-20,3.131585036333433,-1.5898359542672407
2021-06-17,3.250771068777071,-0.12332940695117589
2021-06-16,3.6680119626917116,-1.2667074219773673
2021-06-15,4.042889314448585,-0.08867167899708304
2021-06-14,4.162466653544938,1.1298443619592025
2021-06-13,3.9618429833190896,1.0468243067441112
2021-06-10,3.576477795394676,0.03573714398153381
2021-06-09,3.7329139473373503,-0.2719944355314501
2021-06-08,3.6162046851883534,1.4293729535659678
2021-06-07,3.369030884302985,0.09014404358448783
2021-06-06,3.4121551684976974,1.3643583001136974
2021-06-03,3.1418442134470332,0.8551571171535596
2021-06-02,2.4742702174710858,1.349744598844113
2021-06-01,2.107299422897915,-0.4087340024593265
2021-05-31,2.693840282742354,0.290633560474039
2021-05-30,3.0653864672989792,0.4450826284175706
2021-05-27,2.711313226712979,0.09771198818259784
2021-05-25,2.5251716165668663,-0.18043468988569608
2021-05-24,2.736837489458186,0.06582085577675466
2021-05-23,2.407629242893785,0.7223399211288897
2021-05-20,2.249257877785481,0.1393561370959221
2021-05-19,2.4703589961942187,-0.41321251391548813
2021-05-18,2.3743829688428995,0.909768967341862
2021-05-17,2.087840853437202,0.5105605112222338
2021-05-16,1.9619865702911456,1.468227895776432
2021-05-13,1.5674226122858037,0.20988072025808666
2021-05-12,1.3506795572492234,-0.14332526178272367
2021-05-11,1.3166012981678274,0.62766706375074
2021-05-10,1.0221548313356124,0.6279370850022147
2021-05-09,1.1966057559845602,-0.577411500428863
2021-05-06,1.3039727612017566,-0.3843396688826051
